{
    "train_loss": 2.498386038496392e-06,
    "train_accuracy": 1.0,
    "sharpness": [
        0.499999999999984,
        0.0,
        0.0
    ]
}