{
    "train_loss": 0.00010509495041333139,
    "train_accuracy": 0.9999666810035706,
    "sharpness": [
        0.499999999999984,
        0.0,
        0.0
    ]
}