{
    "train_loss": 4.6173826178862024e-05,
    "train_accuracy": 0.9999833333333333,
    "sharpness": [
        1.0,
        0.7499999999999565,
        0.0
    ]
}