{
    "train_loss": 0.0006965515203773975,
    "train_accuracy": 0.9998999834060669,
    "sharpness": [
        0.8760661333333741,
        0.0,
        0.0
    ]
}