{
    "train_loss": 0.0027259960553686446,
    "train_accuracy": 0.9992666666666666,
    "sharpness": [
        1.0,
        1.0,
        0.0
    ]
}