{
    "train_loss": 0.002893931930884719,
    "train_accuracy": 0.9993500113487244,
    "sharpness": [
        1.0,
        1.0,
        0.0
    ]
}