{
    "train_loss": 0.004355957731604576,
    "train_accuracy": 0.9987499713897705,
    "sharpness": [
        1.0,
        0.6000000000000001,
        0.0
    ]
}