{
    "train_loss": 0.004303207895256734,
    "train_accuracy": 0.9990166666666667,
    "sharpness": [
        1.0,
        0.6000000000000001,
        0.0
    ]
}