{
    "train_loss": 0.0004961744998581707,
    "train_accuracy": 0.9998666644096375,
    "sharpness": [
        0.0,
        0.0,
        0.0
    ]
}