{
    "train_loss": 0.0013688544277101755,
    "train_accuracy": 0.9995833039283752,
    "sharpness": [
        0.25000000000001155,
        0.0,
        0.0
    ]
}