{
    "train_loss": 0.00011913463586658964,
    "train_accuracy": 0.99995,
    "sharpness": [
        1.0,
        0.7499999999999565,
        0.0
    ]
}