{
    "train_loss": 0.0006969700916670263,
    "train_accuracy": 0.999833345413208,
    "sharpness": [
        0.8760661333333741,
        0.0,
        0.0
    ]
}