{
    "train_loss": 0.0001727840572129935,
    "train_accuracy": 0.9999666810035706,
    "sharpness": [
        0.7499999999999565,
        0.0,
        0.0
    ]
}