{
    "train_loss": 0.004311017127382607,
    "train_accuracy": 0.9977333333333334,
    "sharpness": [
        1.0,
        1.0,
        1.0
    ]
}