{
    "train_loss": 0.006785532459616661,
    "train_accuracy": 0.9978500008583069,
    "sharpness": [
        1.0,
        1.0,
        1.0
    ]
}