{
    "train_loss": 0.003000958637869917,
    "train_accuracy": 0.9991666666666666,
    "sharpness": [
        1.0,
        1.0,
        0.19999999999999996
    ]
}