{
    "train_loss": 0.005708374548703432,
    "train_accuracy": 0.9980499744415283,
    "sharpness": [
        1.0,
        1.0,
        0.19999999999999996
    ]
}