{
    "train_loss": 0.046761177480220795,
    "train_accuracy": 0.985966682434082,
    "sharpness": [
        0.0,
        0.0,
        0.0
    ]
}