{
    "train_loss": 0.048477109521627426,
    "train_accuracy": 0.9854333400726318,
    "sharpness": [
        0.0,
        0.0,
        0.0
    ]
}