{
    "train_loss": 5.295565913615216e-05,
    "train_accuracy": 0.9999833333333333,
    "sharpness": [
        1.0,
        1.0,
        0.25000000000001155
    ]
}