{
    "train_loss": 0.0018055483233183622,
    "train_accuracy": 0.9994999766349792,
    "sharpness": [
        0.0,
        0.0,
        0.0
    ]
}