{
    "train_loss": 0.001739534898661077,
    "train_accuracy": 0.9994666576385498,
    "sharpness": [
        0.0,
        0.0,
        0.0
    ]
}