{
    "train_loss": 0.0018244943348690867,
    "train_accuracy": 0.9995666742324829,
    "sharpness": [
        0.499999999999984,
        0.0,
        0.0
    ]
}