{
    "train_loss": 0.0008254969143308699,
    "train_accuracy": 0.9997833371162415,
    "sharpness": [
        0.0,
        0.0,
        0.0
    ]
}