{
    "train_loss": 0.27027469367583595,
    "train_accuracy": 0.9178333333015442,
    "sharpness": [
        0.0,
        0.0,
        0.0
    ]
}