{
    "train_loss": 0.2667544186115265,
    "train_accuracy": 0.918916642665863,
    "sharpness": [
        0.0,
        0.0,
        0.0
    ]
}