{
    "train_loss": 4.2404836610239726e-05,
    "train_accuracy": 0.9999666666666667,
    "sharpness": [
        1.0,
        0.7499999999999565,
        0.0
    ]
}