{
    "train_loss": 0.025520682334899902,
    "train_accuracy": 0.9918000102043152,
    "sharpness": [
        0.2,
        0.0,
        0.0
    ]
}