{
    "train_loss": 0.024930089352776606,
    "train_accuracy": 0.9923833333015442,
    "sharpness": [
        0.2,
        0.0,
        0.0
    ]
}