{
    "train_loss": 0.0002329056296730414,
    "train_accuracy": 0.9999833106994629,
    "sharpness": [
        0.499999999999984,
        0.0,
        0.0
    ]
}