{
    "train_loss": 0.0022978568449616432,
    "train_accuracy": 0.9993166923522949,
    "sharpness": [
        0.8760661333333741,
        0.0,
        0.0
    ]
}