{
    "train_loss": 0.03630542382597923,
    "train_accuracy": 0.989133358001709,
    "sharpness": [
        0.0,
        0.0,
        0.0
    ]
}