{
    "train_loss": 0.037630993872880936,
    "train_accuracy": 0.9890999794006348,
    "sharpness": [
        0.0,
        0.0,
        0.0
    ]
}