{
    "train_loss": 0.00014989561483686581,
    "train_accuracy": 0.9999333333333333,
    "sharpness": [
        1.0,
        0.7499999999999565,
        0.0
    ]
}