{
    "train_loss": 4.67343357642297e-05,
    "train_accuracy": 0.9999833333333333,
    "sharpness": [
        1.0,
        0.499999999999984,
        0.0
    ]
}