{
    "train_loss": 0.002454018220305443,
    "train_accuracy": 0.9992666840553284,
    "sharpness": [
        0.0,
        0.0,
        0.0
    ]
}