{
    "train_loss": 0.0035073189064860344,
    "train_accuracy": 0.9989500045776367,
    "sharpness": [
        0.0,
        0.0,
        0.0
    ]
}