{
    "train_loss": 0.0034101817291229963,
    "train_accuracy": 0.9992166757583618,
    "sharpness": [
        0.8760661333333741,
        0.0,
        0.0
    ]
}