{
    "train_loss": 0.010567013174295425,
    "train_accuracy": 0.9966833591461182,
    "sharpness": [
        0.0,
        0.0,
        0.0
    ]
}