{
    "train_loss": 0.01018071174621582,
    "train_accuracy": 0.9970499873161316,
    "sharpness": [
        0.0,
        0.0,
        0.0
    ]
}