{
    "train_loss": 0.00017260578169953078,
    "train_accuracy": 0.9999499917030334,
    "sharpness": [
        0.25000000000001155,
        0.0,
        0.0
    ]
}