{
    "train_loss": 0.0005760442581959069,
    "train_accuracy": 0.999833345413208,
    "sharpness": [
        0.499999999999984,
        0.0,
        0.0
    ]
}