{
    "train_loss": 0.06567401438951492,
    "train_accuracy": 0.9796500205993652,
    "sharpness": [
        0.0,
        0.0,
        0.0
    ]
}