{
    "train_loss": 0.065589539706707,
    "train_accuracy": 0.9803000092506409,
    "sharpness": [
        0.0,
        0.0,
        0.0
    ]
}