{
    "train_loss": 3.644399476434046e-05,
    "train_accuracy": 0.9999833333333333,
    "sharpness": [
        1.0,
        1.0,
        0.8760661333333741
    ]
}