{
    "train_loss": 0.006265399511903524,
    "train_accuracy": 0.9982166886329651,
    "sharpness": [
        0.0,
        0.0,
        0.0
    ]
}