{
    "train_loss": 0.007098753936588764,
    "train_accuracy": 0.9979333281517029,
    "sharpness": [
        0.0,
        0.0,
        0.0
    ]
}