{
    "train_loss": 5.4701687863939694e-05,
    "train_accuracy": 0.9999833333333333,
    "sharpness": [
        1.0,
        1.0,
        0.8760661333333741
    ]
}