{
    "train_loss": 0.00011224637273699045,
    "train_accuracy": 0.9999499917030334,
    "sharpness": [
        0.499999999999984,
        0.0,
        0.0
    ]
}