{
    "train_loss": 1.6122658053063788e-05,
    "train_accuracy": 1.0,
    "sharpness": [
        0.499999999999984,
        0.0,
        0.0
    ]
}