{
    "train_loss": 4.628800943681502e-05,
    "train_accuracy": 1.0,
    "sharpness": [
        1.0,
        1.0,
        0.7499999999999565
    ]
}