{
    "train_loss": 0.034072433464229106,
    "train_accuracy": 0.9892499999682108,
    "sharpness": [
        0.0,
        0.0,
        0.0
    ]
}