{
    "train_loss": 0.034579839557409286,
    "train_accuracy": 0.9893166422843933,
    "sharpness": [
        0.0,
        0.0,
        0.0
    ]
}