{
    "train_loss": 0.022390641272068024,
    "train_accuracy": 0.9933333396911621,
    "sharpness": [
        0.0,
        0.0,
        0.0
    ]
}