{
    "train_loss": 0.0219089537858963,
    "train_accuracy": 0.9933833479881287,
    "sharpness": [
        0.0,
        0.0,
        0.0
    ]
}