{
    "train_loss": 9.3778595328331e-05,
    "train_accuracy": 0.9999666810035706,
    "sharpness": [
        0.499999999999984,
        0.0,
        0.0
    ]
}