{
    "train_loss": 0.006793631561643755,
    "train_accuracy": 0.9979333333333333,
    "sharpness": [
        1.0,
        0.3999999999999999,
        0.0
    ]
}