{
    "train_loss": 0.00747830281034112,
    "train_accuracy": 0.9976166486740112,
    "sharpness": [
        1.0,
        0.3999999999999999,
        0.0
    ]
}