{
    "train_loss": 0.01368328183889389,
    "train_accuracy": 0.9957666397094727,
    "sharpness": [
        0.0,
        0.0,
        0.0
    ]
}