{
    "train_loss": 0.012881915085017681,
    "train_accuracy": 0.9962166547775269,
    "sharpness": [
        0.0,
        0.0,
        0.0
    ]
}