{
    "train_loss": 7.728552961684727e-05,
    "train_accuracy": 0.9999833333333333,
    "sharpness": [
        1.0,
        1.0,
        0.0
    ]
}