{
    "train_loss": 0.09608864784240723,
    "train_accuracy": 0.9710999727249146,
    "sharpness": [
        0.0,
        0.0,
        0.0
    ]
}