{
    "train_loss": 0.09513981640338898,
    "train_accuracy": 0.9715666770935059,
    "sharpness": [
        0.0,
        0.0,
        0.0
    ]
}