{
    "train_loss": 4.8130978902266485e-05,
    "train_accuracy": 1.0,
    "sharpness": [
        1.0,
        1.0,
        0.8760661333333741
    ]
}