{
    "train_loss": 0.028273971751332283,
    "train_accuracy": 0.991349995136261,
    "sharpness": [
        0.0,
        0.0,
        0.0
    ]
}