{
    "train_loss": 0.027187908068299294,
    "train_accuracy": 0.9918333292007446,
    "sharpness": [
        0.0,
        0.0,
        0.0
    ]
}