{
    "train_loss": 0.006114126183092594,
    "train_accuracy": 0.9982666373252869,
    "sharpness": [
        0.0,
        0.0,
        0.0
    ]
}