{
    "train_loss": 0.005552578251808882,
    "train_accuracy": 0.9983999729156494,
    "sharpness": [
        0.0,
        0.0,
        0.0
    ]
}