{
    "train_loss": 0.008870520628988743,
    "train_accuracy": 0.9975333213806152,
    "sharpness": [
        0.0,
        0.0,
        0.0
    ]
}