{
    "train_loss": 0.007375393062829971,
    "train_accuracy": 0.9978500008583069,
    "sharpness": [
        0.0,
        0.0,
        0.0
    ]
}