{
    "train_loss": 0.0044664544984698296,
    "train_accuracy": 0.9984666705131531,
    "sharpness": [
        1.0,
        1.0,
        0.3999999999999999
    ]
}