{
    "train_loss": 0.0022872612575418317,
    "train_accuracy": 0.99945,
    "sharpness": [
        1.0,
        1.0,
        0.3999999999999999
    ]
}