{
    "train_loss": 0.011592690154972175,
    "train_accuracy": 0.9963833333333333,
    "sharpness": [
        0.8,
        0.0,
        0.0
    ]
}