{
    "train_loss": 0.012463954277336597,
    "train_accuracy": 0.9962666630744934,
    "sharpness": [
        0.8,
        0.0,
        0.0
    ]
}