{
    "train_loss": 3.949309927975264e-07,
    "train_accuracy": 1.0,
    "sharpness": [
        0.499999999999984,
        0.0,
        0.0
    ]
}