{
    "train_loss": 3.9989758521384523e-05,
    "train_accuracy": 0.9999833333333333,
    "sharpness": [
        1.0,
        0.7499999999999565,
        0.0
    ]
}