{
    "train_loss": 0.00046486378414556384,
    "train_accuracy": 0.9998499751091003,
    "sharpness": [
        0.0,
        0.0,
        0.0
    ]
}