{
    "train_loss": 0.0007271270733326674,
    "train_accuracy": 0.9997333288192749,
    "sharpness": [
        0.499999999999984,
        0.0,
        0.0
    ]
}