{
    "train_loss": 0.0014080872060731053,
    "train_accuracy": 0.9995999932289124,
    "sharpness": [
        0.0,
        0.0,
        0.0
    ]
}