{
    "train_loss": 0.0016152288299053907,
    "train_accuracy": 0.9995666742324829,
    "sharpness": [
        0.0,
        0.0,
        0.0
    ]
}