{
    "train_loss": 0.0027363731060177088,
    "train_accuracy": 0.9992166757583618,
    "sharpness": [
        0.0,
        0.0,
        0.0
    ]
}