{
    "train_loss": 0.004593362100422382,
    "train_accuracy": 0.9986500144004822,
    "sharpness": [
        0.0,
        0.0,
        0.0
    ]
}