{
    "train_loss": 0.0002472988562658429,
    "train_accuracy": 0.9999333620071411,
    "sharpness": [
        0.499999999999984,
        0.0,
        0.0
    ]
}