{
    "train_loss": 3.9973067032406107e-05,
    "train_accuracy": 0.9999833106994629,
    "sharpness": [
        0.7499999999999565,
        0.0,
        0.0
    ]
}