{
    "train_loss": 3.7338647871365538e-06,
    "train_accuracy": 1.0,
    "sharpness": [
        0.499999999999984,
        0.0,
        0.0
    ]
}