{
    "train_loss": 0.002176862292539833,
    "train_accuracy": 0.9994,
    "sharpness": [
        1.0,
        1.0,
        0.5999999999999999
    ]
}