{
    "train_loss": 0.0037921315524727106,
    "train_accuracy": 0.9989166855812073,
    "sharpness": [
        1.0,
        1.0,
        0.5999999999999999
    ]
}