{
    "train_loss": 0.0007427192176692188,
    "train_accuracy": 0.9997333288192749,
    "sharpness": [
        0.0,
        0.0,
        0.0
    ]
}