{
    "train_loss": 0.0017772404244169593,
    "train_accuracy": 0.9994166493415833,
    "sharpness": [
        0.0,
        0.0,
        0.0
    ]
}