{
    "train_loss": 0.050465695559978485,
    "train_accuracy": 0.9838500022888184,
    "sharpness": [
        0.0,
        0.0,
        0.0
    ]
}