{
    "train_loss": 0.04640476266841094,
    "train_accuracy": 0.9848333333333333,
    "sharpness": [
        0.0,
        0.0,
        0.0
    ]
}