{
    "train_loss": 3.870364503137201e-05,
    "train_accuracy": 0.9999833333333333,
    "sharpness": [
        1.0,
        0.8760661333333741,
        0.0
    ]
}