{
    "train_loss": 0.00012161820423599845,
    "train_accuracy": 0.9999666666666667,
    "sharpness": [
        1.0,
        1.0,
        0.0
    ]
}