{
    "train_loss": 0.004765500780194998,
    "train_accuracy": 0.9986833333969116,
    "sharpness": [
        0.0,
        0.0,
        0.0
    ]
}