{
    "train_loss": 0.004993479233235121,
    "train_accuracy": 0.998533308506012,
    "sharpness": [
        0.0,
        0.0,
        0.0
    ]
}