{
    "train_loss": 0.00028242546250112355,
    "train_accuracy": 0.9998833537101746,
    "sharpness": [
        0.7499999999999565,
        0.0,
        0.0
    ]
}