{
    "train_loss": 3.893309890079308e-05,
    "train_accuracy": 1.0,
    "sharpness": [
        1.0,
        1.0,
        0.8760661333333741
    ]
}