{
    "train_loss": 8.246550312389142e-05,
    "train_accuracy": 0.99995,
    "sharpness": [
        1.0,
        1.0,
        0.0
    ]
}