{
    "train_loss": 0.0678961089293162,
    "train_accuracy": 0.9788500000317891,
    "sharpness": [
        0.0,
        0.0,
        0.0
    ]
}