{
    "train_loss": 0.012621759578438165,
    "train_accuracy": 0.9957,
    "sharpness": [
        1.0,
        0.19999999999999996,
        0.0
    ]
}