{
    "train_loss": 0.014350805431604385,
    "train_accuracy": 0.9951500296592712,
    "sharpness": [
        1.0,
        0.19999999999999996,
        0.0
    ]
}