{
    "train_loss": 0.013397248461842537,
    "train_accuracy": 0.9957000017166138,
    "sharpness": [
        0.6000000000000001,
        0.0,
        0.0
    ]
}