{
    "train_loss": 0.01266719983027627,
    "train_accuracy": 0.9960333333015442,
    "sharpness": [
        0.6000000000000001,
        0.0,
        0.0
    ]
}