{
    "train_loss": 0.0032571388874202967,
    "train_accuracy": 0.9991166591644287,
    "sharpness": [
        0.0,
        0.0,
        0.0
    ]
}