{
    "train_loss": 0.00211134715937078,
    "train_accuracy": 0.9993666410446167,
    "sharpness": [
        0.0,
        0.0,
        0.0
    ]
}