{
    "train_loss": 4.360785005210346e-05,
    "train_accuracy": 1.0,
    "sharpness": [
        1.0,
        1.0,
        0.499999999999984
    ]
}