{
    "train_loss": 0.0016330780927091837,
    "train_accuracy": 0.9995833039283752,
    "sharpness": [
        0.8760661333333741,
        0.0,
        0.0
    ]
}