{
    "train_loss": 2.7799475788015116e-07,
    "train_accuracy": 1.0,
    "sharpness": [
        0.499999999999984,
        0.0,
        0.0
    ]
}