{
    "train_loss": 0.018012426793575287,
    "train_accuracy": 0.9947333335876465,
    "sharpness": [
        0.0,
        0.0,
        0.0
    ]
}