{
    "train_loss": 0.017120670527219772,
    "train_accuracy": 0.9947166442871094,
    "sharpness": [
        0.0,
        0.0,
        0.0
    ]
}