{
    "train_loss": 0.017301246523857117,
    "train_accuracy": 0.9948999881744385,
    "sharpness": [
        0.4,
        0.0,
        0.0
    ]
}