{
    "train_loss": 0.017386243997452158,
    "train_accuracy": 0.9941499999682109,
    "sharpness": [
        0.4,
        0.0,
        0.0
    ]
}