{
    "train_loss": 0.0037770040798932314,
    "train_accuracy": 0.9987666606903076,
    "sharpness": [
        1.0,
        1.0,
        0.7999999999999998
    ]
}