{
    "train_loss": 0.002391727110579571,
    "train_accuracy": 0.99935,
    "sharpness": [
        1.0,
        1.0,
        0.7999999999999998
    ]
}