{
    "train_loss": 0.2219288945198059,
    "train_accuracy": 0.9327666759490967,
    "sharpness": [
        0.0,
        0.0,
        0.0
    ]
}