{
    "train_loss": 0.22126197814941406,
    "train_accuracy": 0.9328833222389221,
    "sharpness": [
        0.0,
        0.0,
        0.0
    ]
}