{
    "train_loss": 0.10299324244260788,
    "train_accuracy": 0.9680500030517578,
    "sharpness": [
        0.0,
        0.0,
        0.0
    ]
}