{
    "train_loss": 0.10526702611645063,
    "train_accuracy": 0.9674000000317892,
    "sharpness": [
        0.0,
        0.0,
        0.0
    ]
}