{
    "train_loss": 0.011705202050507069,
    "train_accuracy": 0.996233344078064,
    "sharpness": [
        1.0,
        0.0,
        0.0
    ]
}