{
    "train_loss": 0.012058474335384865,
    "train_accuracy": 0.9960166666666667,
    "sharpness": [
        1.0,
        0.0,
        0.0
    ]
}