{
    "train_loss": 0.0030718448106199503,
    "train_accuracy": 0.9991999864578247,
    "sharpness": [
        1.0,
        0.8,
        0.0
    ]
}