{
    "train_loss": 0.002952457429654896,
    "train_accuracy": 0.9993333333333333,
    "sharpness": [
        1.0,
        0.8,
        0.0
    ]
}